,,200 Medley Relay,,,,200 Freestyle,,,,,200 Individual Medley,,,,,50 Freestyle,,,,,100 Butterfly,,,,,100 Freestyle,,,,,500 Freestyle,,,,,200 Freestyle Relay,,,,100 Backstroke,,,,,100 Breaststroke,,,,,400 Freestyle Relay,
1,1:46.57,St. Joseph's Academy,,1,1:48.61,Helena Tietjen,Pembroke Hill,,1,2:04.27,Charlotte Brown,Villa Duchesne,,1,23.81,Avery Frick,St. Michael the Archangel,,1,51.60,Sophia Hall,St. Pius X (Kansas City),,1,51.76,Avery Cunneen,St. Joseph's Academy,,1,5:01.76,Avery Hogue,Park Hill South,,1,1:39.15,Park Hill South,,1,55.26,Avery Cunneen,St. Joseph's Academy,,1,1:03.80,Helena Tietjen,Pembroke Hill,,1,3:34.94,St. Joseph's Academy,
2,1:48.32,Park Hill South,,2,1:51.91,Anna-Grace Guenther,St. Joseph's Academy,,2,2:07.78,Madison Shryock,Rock Bridge,,2,23.90,Paige Blom,Marquette,,2,56.48,Charlotte Brown,Villa Duchesne,,2,51.94,Helena Tietjen,Pembroke Hill,,2,5:03.71,Madison Shryock,Rock Bridge,,2,1:40.69,St. Joseph's Academy,,2,57.04,Gracey MacLaughlin,Louisiana,,2,1:05.78,Sarah Miner,Rock Bridge,,2,3:36.63,Park Hill South,
3,1:48.68,Rock Bridge,,3,1:52.28,Avery Hogue,Park Hill South,,3,2:08.92,Sarah Miner,Rock Bridge,,3,24.45,Esther Borgmeyer,Kirkwood,,3,56.86,Paige Blom,Marquette,,3,52.03,Anna-Grace Guenther,St. Joseph's Academy,,3,5:04.31,Amelia Coy,Hickman,,3,1:41.31,Pembroke Hill,,3,57.35,Elizabeth Landuyt,Park Hill South,,3,1:06.30,Payton Robic,St. Joseph's Academy,,3,3:37.18,Rock Bridge,
4,1:50.53,Visitation Academy,,4,1:54.20,Quinn Porter,Webster Groves,,4,2:09.10,Sophia Stoops,Father Tolton,,4,24.52,Karsynne McAlister,Central (Cape Girardeau),,4,57.57,Breanna Wilkinson,Rockwood Summit,,4,52.34,Paige Blom,Marquette,,4,5:07.79,Alexis Cook,Parkway South,,4,1:41.86,Westminster Christian Academy,,4,57.94,Madelyn Mug,Visitation Academy,,4,1:06.84,Lily Kohler,Mehlville,,4,3:40.75,Visitation Academy,
5,1:52.21,Westminster Christian Academy,,5,1:54.35,Gracey MacLaughlin,Louisiana,,5,2:09.36,Elizabeth Landuyt,Park Hill South,,5,24.67,Ashlyn Hines,Park Hill South,,5,58.08,Jenna Ridings,Pattonville,,5,52.41,Avery Frick,St. Michael the Archangel,,5,5:11.87,Sophia Stoops,Father Tolton,,5,1:42.79,Father Tolton,,5,57.97,Alexis Cook,Parkway South,,5,1:07.62,Riley Muran,Parkway Central,,5,3:43.31,Parkway Central,
6,1:52.46,Parkway Central,,6,1:56.30,Adrianna Hudnall,Liberty North,,6,2:10.18,Lily Kohler,Mehlville,,6,24.83,Missy Mizell,Lebanon,,6,58.79,Payton Robic,St. Joseph's Academy,,6,53.02,Quinn Porter,Webster Groves,,6,5:15.23,Jenna Ridings,Pattonville,,6,1:43.12,Liberty North,,6,58.10,Claire Chumley,St. Joseph's Academy,,6,1:07.83,Vienna Schindler,St. Joseph's Academy,,6,3:44.00,Marquette,
7,1:54.33,Villa Duchesne,,7,1:56.55,Amelia Coy,Hickman,,7,2:10.79,Gracey MacLaughlin,Louisiana,,7,24.85,Breanna Wilkinson,Rockwood Summit,,7,59.00,Quinn Porter,Webster Groves,,7,53.49,Adrianna Hudnall,Liberty North,,7,5:15.32,Gracey MacLaughlin,Louisiana,,7,1:44.07,Webster Groves,,7,59.57,Ann Erwin,Webster Groves,,7,1:08.51,Madison Shryock,Rock Bridge,,7,3:45.13,Father Tolton,
8,1:54.59,Marquette,,8,1:56.79,Jenna Ridings,Pattonville,,8,2:11.38,Riley Muran,Parkway Central,,8,24.89,Kaylie Gerber,Kearney,,8,59.20,Madelyn Mug,Visitation Academy,,8,54.05,Esther Borgmeyer,Kirkwood,,8,5:16.94,Lynlee Lavalle,Jackson,,8,1:44.12,Grain Valley,,8,1:00.17,Gianna DeMaggio,Westminster Christian Academy,,8,1:09.17,Kennedy Chrun,Ursuline Academy,,8,3:46.55,Liberty North,
9,1:54.61,Kirkwood,,9,1:57.22,Paige Samuelson,Eureka,,9,2:11.47,Molly Moriarty,Visitation Academy,,9,25.00,Sarah Weber,Hickman,,9,59.31,Serena Huang,Parkway Central,,9,54.20,Madison Shryock,Rock Bridge,,9,5:18.90,Ema Stojicevic,Clayton,,9,1:44.20,Kirkwood,,9,1:00.89,Allison Brent,St. Joseph's Academy,,9,1:09.47,Serena Huang,Parkway Central,,9,3:48.29,Webster Groves,
10,1:55.48,Liberty,,10,1:57.93,Kate Brinton,Ladue Horton Watkins,,10,2:11.90,Quinn Porter,Webster Groves,,10,25.14,Ava Fugate,St. Teresa's Academy,,10,59.44,Kayla Wahl,Cor Jesu Academy,,10,54.25,Sarah Weber,Hickman,,10,5:20.43,Kate Brinton,Ladue Horton Watkins,,10,1:44.21,Eureka,,10,1:00.97,Ella Paul,Rockwood Summit,,10,1:09.49,Molly Moriarty,Visitation Academy,,10,3:48.52,Parkway South,
11,1:56.26,Parkway South,,11,1:58.08,Ella Paul,Rockwood Summit,,11,2:13.28,Abigail Sanning,Lee's Summit,,11,25.32,Elisa DeCaro,Park Hill South,,11,59.69,Avery Hogue,Park Hill South,,11,54.33,Ava Fugate,St. Teresa's Academy,,11,5:21.55,Aubrey Yancey,Lutheran South,,11,1:44.21,Parkway Central,,11,1:01.27,Missy Mizell,Lebanon,,11,1:09.75,Abigail Sanning,Lee's Summit,,11,3:48.75,Pembroke Hill,
12,1:56.32,Webster Groves,,12,1:58.12,Paige Blom,Marquette,,12,2:13.47,Vienna Schindler,St. Joseph's Academy,,12,25.36,Gracey MacLaughlin,Louisiana,,12,59.77,Jessica Wang,Lindbergh,,12,55.16,Claire Dierker,Park Hill South,,12,5:22.59,Brooke Nichols,Park Hill South,,12,1:44.45,Rockwood Summit,,12,1:01.65,Polly Fendler,St. Teresa's Academy,,12,1:10.06,Alexandra Moran,Liberty North,,12,3:49.32,Eureka,
13,1:56.62,Louisiana,,13,1:58.14,Brooke Nichols,Park Hill South,,13,2:13.59,Ema Stojicevic,Clayton,,13,25.41,Adrianna Hudnall,Liberty North,,13,1:00.42,Kaylie Gerber,Kearney,,13,55.17,Madison Arroyo,Father Tolton,,13,5:22.60,Erin Jones,St. Joseph's Academy,,13,1:44.58,Notre Dame de Sion,,13,1:01.74,Olivia Deberge,Timberland,,13,1:10.10,Lauren Stein,Marquette,,13,3:49.81,Kirkwood,
14,1:57.05,Blue Springs South,,14,1:58.16,Lynlee Lavalle,Jackson,,14,2:13.59,Jenna Ridings,Pattonville,,14,25.46,Edith Susanne Doehring,Westminster Christian Academy,,14,1:00.56,Missy Mizell,Lebanon,,14,55.23,Claire Chumley,St. Joseph's Academy,,14,5:24.14,Paige Samuelson,Eureka,,14,1:44.78,Blue Springs South,,14,1:01.77,Olive Agustin,Clayton,,14,1:10.25,Avree Melhus,Liberty North,,14,3:49.88,Jackson,
15,1:57.25,Hickman,,15,1:58.34,Madison Arroyo,Father Tolton,,15,2:14.51,Aubrey Yancey,Lutheran South,,15,25.55,Marlo Deaver,Liberty,,15,1:00.79,Ann Erwin,Webster Groves,,15,55.40,Ashlyn Hines,Park Hill South,,15,5:24.52,Lily Kohler,Mehlville,,15,1:44.82,Marquette,,15,1:02.03,Kylie Montgomery,Webster Groves,,15,1:10.32,Addison Murray,Pembroke Hill,,15,3:51.29,Grain Valley,
16,1:57.32,Lafayette (Wildwood),,16,1:59.21,Olivia Deberge,Timberland,,16,2:14.52,Kennedy Chrun,Ursuline Academy,,16,25.58,Lauren McCall,Westminster Christian Academy,,16,1:00.91,Elizabeth Landuyt,Park Hill South,,16,55.41,Sydney Matheny,Parkway West,,16,5:25.47,Paige Boomer,Father Tolton,,16,1:44.95,Lee's Summit,,16,1:02.10,Maddie Riley,St. Joseph's Academy,,16,1:10.40,Ashlyn Hines,Park Hill South,,16,3:52.17,St. Teresa's Academy,
17,1:57.90,St. Teresa's Academy,,17,1:59.98,Ava Fugate,St. Teresa's Academy,,17,2:15.15,Avree Melhus,Liberty North,,17,25.59,Grace Shaw,Ozark,,17,1:01.02,Kennedy Chrun,Ursuline Academy,,17,55.72,Gianna DeMaggio,Westminster Christian Academy,,17,5:26.58,Reese Anderson,Parkway Central,,17,1:45.29,St. Teresa's Academy,,17,1:02.20,Sophia Stoops,Father Tolton,,17,1:10.55,Olivia Manning,Carthage,,17,3:53.00,Rockwood Summit,
18,1:58.07,Ursuline Academy,,18,1:59.98,Claire Dierker,Park Hill South,,18,2:16.32,Luci Cordes-Palmer,Lafayette (Wildwood),,18,25.59,Audrey Qureshi,Villa Duchesne,,18,1:01.11,Paige Samuelson,Eureka,,18,55.74,Elizabeth Landuyt,Park Hill South,,18,5:27.25,Luci Cordes-Palmer,Lafayette (Wildwood),,18,1:45.31,Liberty,,18,1:02.37,Izy Chalfant,Kirkwood,,18,1:10.69,Anna Irminger,Capital City,,18,3:53.65,Hickman,
19,1:58.10,Notre Dame de Sion,,19,2:00.17,Marlowe Weis,Rock Bridge,,19,2:16.32,Addison Woody,Lee's Summit West,,19,25.62,Kenadie Johnson,Parkway Central,,19,1:01.11,Ava Fugate,St. Teresa's Academy,,19,56.01,Abigail Conrardy,Visitation Academy,,19,5:28.44,Elizabeth Landuyt,Park Hill South,,19,1:46.31,Louisiana,,19,1:02.54,Isabella Leone,Lindbergh,,19,1:10.73,Joslyn Perry,Park Hill South,,19,3:56.29,Westminster Christian Academy,
20,1:58.62,Lee's Summit,,20,2:00.53,Erin Jones,St. Joseph's Academy,,20,2:16.81,Heidi Haberstroh,MICDS,,20,25.65,Cecilia Tremont,Parkway Central,,20,1:01.15,Esther Borgmeyer,Kirkwood,,20,56.05,Mallory Crane,Park Hill South,,20,5:28.92,Anna Sundberg,Blue Springs South,,20,1:46.57,Lindbergh,,20,1:03.02,Miranda Kiewiet,Francis Howell,,20,1:10.98,Anna Sundberg,Blue Springs South,,20,3:57.21,Clayton,
21,1:59.22,Staley,,21,2:00.69,Reese Anderson,Parkway Central,,21,2:17.63,Karsynne McAlister,Central (Cape Girardeau),,21,25.67,Kayla Perrone,Father Tolton,,21,1:01.23,Lily Wheeler,Park Hill South,,21,56.11,Ann Erwin,Webster Groves,,21,5:29.25,Payton Robic,St. Joseph's Academy,,21,1:46.81,Staley,,21,1:03.11,Delaney Bartels,Liberty (Wentzville),,21,1:11.52,Adrianna Hudnall,Liberty North,,21,3:57.60,John Burroughs,
22,1:59.44,Pembroke Hill,,22,2:01.12,Anja Taylor,Rock Bridge,,22,2:17.73,Elizabeth Martin,Grain Valley,,22,25.69,Heidi Haberstroh,MICDS,,22,1:01.28,Lily Kohler,Mehlville,,22,56.15,Storie Talbert,Louisiana,,22,5:30.14,Sarah Weber,Hickman,,22,1:47.44,Republic,,22,1:03.15,Heidi Haberstroh,MICDS,,22,1:11.89,Olyvia Beach,Greenwood,,22,3:57.65,Blue Springs South,
23,1:59.76,MICDS,,23,2:01.69,Polly Fendler,St. Teresa's Academy,,23,2:18.08,Sarah Weber,Hickman,,23,25.70,Kennedy Roberts,Notre Dame de Sion,,23,1:01.38,Adrianna Hudnall,Liberty North,,23,56.16,Missy Mizell,Lebanon,,23,5:30.15,Burke Sutton,Notre Dame de Sion,,23,1:47.74,Lebanon,,23,1:03.32,Reece Gould,Savannah,,23,1:12.07,Chloe Belen,Westminster Christian Academy,,23,3:57.83,Liberty,
24,1:59.84,Clayton,,24,2:01.78,Libby Price,Parkway South,,24,2:18.45,Olive Agustin,Clayton,,24,25.75,Abigail Sanning,Lee's Summit,,24,1:01.47,Abigail Conrardy,Visitation Academy,,24,56.26,Roslyn Fiorino,West Plains,,24,5:30.18,Sydney Matheny,Parkway West,,24,1:47.98,Visitation Academy,,24,1:03.32,Kennedy Roberts,Notre Dame de Sion,,24,1:12.61,Elizabeth Mohan,Lafayette (Wildwood),,24,3:58.43,Lafayette (Wildwood),
25,1:59.97,John Burroughs,,25,2:02.47,Sydney Matheny,Parkway West,,25,2:18.52,Addison Murray,Pembroke Hill,,25,25.75,Kaiya Cooper,Liberty,,25,1:01.60,Addison Woody,Lee's Summit West,,25,56.34,Lauren McCall,Westminster Christian Academy,,25,5:31.41,Aftyn Williamson,Staley,,25,1:47.98,Ursuline Academy,,25,1:03.35,Isabell Coffey,Monett,,25,1:12.73,Elizabeth Martin,Grain Valley,,25,3:58.76,Lindbergh,
26,2:01.30,Francis Howell,,26,2:02.65,Elizabeth Landuyt,Park Hill South,,26,2:18.53,Lily Wheeler,Park Hill South,,26,25.76,Kalli Beard,Grain Valley,,26,1:01.65,Kalli Beard,Grain Valley,,26,56.35,Kate Brinton,Ladue Horton Watkins,,26,5:35.15,Brianna Petrova,Liberty (Wentzville),,26,1:48.02,Rock Bridge,,26,1:03.38,Caroline Goeke,Ft. Zumwalt North,,26,1:12.78,Emelia Rosebaugh,Monett,,26,3:59.06,Republic,
27,2:01.47,Grain Valley,,27,2:02.72,Ava Brown,Republic,,27,2:18.61,Izy Chalfant,Kirkwood,,27,25.76,Ella Chrun,Ursuline Academy,,27,1:01.72,Maddie Riley,St. Joseph's Academy,,27,56.40,Edith Susanne Doehring,Westminster Christian Academy,,27,5:35.61,Abigail Sanning,Lee's Summit,,27,1:48.03,Lafayette (Wildwood),,27,1:03.38,Marlowe Weis,Rock Bridge,,27,1:13.15,Emmi Hoss,Liberty,,27,3:59.21,Francis Howell,
28,2:01.52,Lebanon,,28,2:02.89,Abigail Conrardy,Visitation Academy,,28,2:18.85,Adrianna Hudnall,Liberty North,,28,25.78,Gianna DeMaggio,Westminster Christian Academy,,28,1:02.09,Heidi Haberstroh,MICDS,,28,56.42,Kaylie Gerber,Kearney,,28,5:36.19,Sophia Warnick,Webster Groves,,28,1:48.16,Poplar Bluff,,28,1:03.39,Mary Wolf-Slinkard,Parkway North,,28,1:13.16,Kaylie Gerber,Kearney,,28,3:59.36,West Plains,
29,2:01.55,Lee's Summit West,,29,2:02.97,Paige Boomer,Father Tolton,,29,2:19.71,Charlotte Leary,Villa Duchesne,,29,25.82,Chloe Belen,Westminster Christian Academy,,29,1:02.47,Brynne Schneider,Francis Howell Central,,29,56.48,Marlo Deaver,Liberty,,29,5:37.17,Delaney Mehl,Liberty,,29,1:48.65,Kearney,,29,1:03.41,Ava Fugate,St. Teresa's Academy,,29,1:13.43,Karsynne McAlister,Central (Cape Girardeau),,29,4:00.58,Liberty (Wentzville),
30,2:01.56,Kearney,,30,2:03.03,Allison Brent,St. Joseph's Academy,,30,2:19.75,Rebecca Christiansen,Francis Howell,,30,25.85,Jessica Wang,Lindbergh,,30,1:02.48,Jia Hurst,Park Hill South,,30,56.49,Aubrey Yancey,Lutheran South,,30,5:37.18,Alivia Cook,Parkway South,,30,1:48.67,Savannah,,30,1:03.58,Mallory Crane,Park Hill South,,30,1:13.80,Elizabeth Landuyt,Park Hill South,,30,4:00.93,Cor Jesu Academy,
31,2:01.59,Glendale,,31,2:03.13,Roslyn Fiorino,West Plains,,31,2:19.93,Anna Irminger,Capital City,,31,25.91,Quinn Porter,Webster Groves,,31,1:02.53,Kate Brinton,Ladue Horton Watkins,,31,56.52,Grace Shaw,Ozark,,31,5:37.26,Claire Dierker,Park Hill South,,31,1:49.10,St. Michael the Archangel,,31,1:03.72,Hannah Daughety,Liberty,,31,1:13.85,Adelyn Volpi,Liberty,,31,4:02.08,Lebanon,
32,2:01.60,Republic,,32,2:03.14,Prairey Maxwell,Kirkwood,,32,2:20.11,Avery Frick,St. Michael the Archangel,,32,25.91,Olivia Kim,Pembroke Hill,,32,1:02.61,Reese Anderson,Parkway Central,,32,56.63,Ava Brown,Republic,,32,5:37.43,Isabel Kosiara,Rock Bridge,,32,1:49.54,Monett,,32,1:03.89,Danielle Hume,Marquette,,32,1:13.88,Ema Stojicevic,Clayton,,32,4:02.63,Francis Howell Central,
33,2:01.70,Monett,,33,2:03.73,Abigail Sanning,Lee's Summit,,33,2:20.30,Amelia Coy,Hickman,,33,25.95,Edith Ferguson,Central (Springfield),,33,1:02.64,Edith Susanne Doehring,Westminster Christian Academy,,33,56.69,Anna Eshleman,Raymore-Peculiar,,33,5:37.67,Evyn Lashley,Eureka,,33,1:49.84,Carthage,,33,1:03.93,Lucia Fox,Parkway West,,33,1:14.13,Storie Talbert,Louisiana,,33,4:02.76,Parkway West,
34,2:01.76,Eureka,,34,2:04.23,Lauren Otte,Liberty North,,34,2:20.31,Lynlee Lavalle,Jackson,,34,25.96,Caroline Goeke,Ft. Zumwalt North,,34,1:02.72,Karsynne McAlister,Central (Cape Girardeau),,34,56.73,Kalli Beard,Grain Valley,,34,5:37.90,Gianna DeMaggio,Westminster Christian Academy,,34,1:49.90,Jackson,,34,1:03.94,Charlotte Leary,Villa Duchesne,,34,1:14.14,Kelly Frank,Notre Dame de Sion,,34,4:02.86,Ladue Horton Watkins,
35,2:01.79,Lindbergh,,35,2:04.34,Gianna DeMaggio,Westminster Christian Academy,,35,2:20.35,Aftyn Williamson,Staley,,35,25.97,Elizabeth Landuyt,Park Hill South,,35,1:02.81,Avery Frick,St. Michael the Archangel,,35,56.89,Campbell McCool,Parkway South,,35,5:37.99,Madison Arroyo,Father Tolton,,35,1:49.94,Francis Howell,,35,1:04.04,India Browning,Notre Dame de Sion,,35,1:14.35,Aftyn Williamson,Staley,,35,4:02.96,Ft. Zumwalt North,
36,2:02.06,Ft. Zumwalt North,,36,2:04.71,Gabrielle Salmans,Parkway Central,,36,2:20.53,Ava Fugate,St. Teresa's Academy,,36,25.97,Storie Talbert,Louisiana,,36,1:03.01,Stella Crilley,Staley,,36,56.95,Lauren Otte,Liberty North,,36,5:38.55,Adrianna Hudnall,Liberty North,,36,1:50.20,Clayton,,36,1:04.42,Reese Anderson,Parkway Central,,36,1:14.44,Lauren Callahan,Eureka,,36,4:03.35,MICDS,
37,2:02.21,Carthage,,37,2:05.02,Isabel Kosiara,Rock Bridge,,37,2:20.54,Kayla Wahl,Cor Jesu Academy,,37,25.99,Helen Hedlund,Rock Bridge,,37,1:03.07,Sarah Lamb,Principia,,37,56.97,Danielle Hume,Marquette,,37,5:38.96,Polly Fendler,St. Teresa's Academy,,37,1:50.31,Ft. Zumwalt North,,37,1:04.45,Jia Hurst,Park Hill South,,37,1:14.58,Kya Baker,Ft. Zumwalt South,,37,4:03.50,Platte County,
38,2:02.21,Savannah,,38,2:05.65,Luci Cordes-Palmer,Lafayette (Wildwood),,38,2:20.73,Sarah Lamb,Principia,,38,26.01,Campbell McCool,Parkway South,,38,1:03.16,Helen Hedlund,Rock Bridge,,38,57.01,Katelyn Epple,Grain Valley,,38,5:39.34,Madelyn Tucker,Parkway Central,,38,1:50.65,West Plains,,38,1:04.49,Eva Barnfield,Jackson,,38,1:14.58,Callista Lake,Blue Springs South,,38,4:04.48,Staley,
39,2:02.52,Platte County,,39,2:05.76,Karsynne McAlister,Central (Cape Girardeau),,39,2:20.77,Brynne Schneider,Francis Howell Central,,39,26.02,Evyn Lashley,Eureka,,39,1:03.19,Marissa Kelley,John Burroughs,,39,57.23,Polly Fendler,St. Teresa's Academy,,39,5:39.35,Morgan Parkerson,Incarnate Word Academy,,39,1:50.84,Lutheran St. Charles,,39,1:04.68,Jenna Ridings,Pattonville,,39,1:14.60,Alicia Williams,John Burroughs,,39,4:04.90,Villa Duchesne,
40,2:02.55,Liberty (Wentzville),,40,2:06.03,Madison Seabaugh,Visitation Academy,,40,2:20.85,Marissa Kelley,John Burroughs,,40,26.03,Sydney Matheny,Parkway West,,40,1:03.53,Sophia Stoops,Father Tolton,,40,57.27,Audrey Brown,Westminster Christian Academy,,40,5:40.41,Teagan Mitchell,Staley,,40,1:50.91,Cor Jesu Academy,,40,1:04.69,Emma Cox,Kearney,,40,1:14.62,Kylie Montgomery,Webster Groves,,40,4:05.42,Notre Dame de Sion,
41,2:02.57,Jackson,,41,2:06.20,Delaney Mehl,Liberty,,41,2:21.01,Stella Crilley,Staley,,41,26.05,Sienna Kelley,John Burroughs,,41,1:03.56,Jessica Lee,Ursuline Academy,,41,57.31,Eva Barnfield,Jackson,,41,5:41.37,Ashley Searls,Liberty,,41,1:50.97,MICDS,,41,1:04.76,Prairey Maxwell,Kirkwood,,41,1:14.70,Olivia Johnson,Hannibal,,41,4:06.61,Park Hill,
42,2:02.74,Cor Jesu Academy,,42,2:06.48,Ella Marcum,Eureka,,42,2:21.01,Brianna Petrova,Liberty (Wentzville),,42,26.06,Isabella Johnson,Lee's Summit,,42,1:03.71,Ashleigh Cruce,Platte County,,42,57.31,Elisa DeCaro,Park Hill South,,42,5:41.40,Olivia Deberge,Timberland,,42,1:51.10,Parkway South,,42,1:04.89,Sadie Lee,Truman,,42,1:14.71,Natalie Grither,Parkway South,,42,4:07.22,Carthage,
43,2:02.79,Ladue Horton Watkins,,43,2:06.54,Ryan Weber,Rockwood Summit,,43,2:21.97,Lucia Fox,Parkway West,,43,26.09,Reese Anderson,Parkway Central,,43,1:03.72,Isabell Coffey,Monett,,43,57.34,Elizabeth Eckelkamp,Eureka,,43,5:41.82,Sophie Sobush,Kirkwood,,43,1:51.25,Ladue Horton Watkins,,43,1:04.91,Roslyn Fiorino,West Plains,,43,1:14.77,Lynlee Lavalle,Jackson,,43,4:08.14,Kearney,
44,2:03.81,Francis Howell Central,,44,2:06.56,Riley Muran,Parkway Central,,44,2:22.18,Alexandra Moran,Liberty North,,44,26.10,Elizabeth Eckelkamp,Eureka,,44,1:03.84,Gianna DeMaggio,Westminster Christian Academy,,44,57.35,Heidi Haberstroh,MICDS,,44,5:41.96,Addison Woody,Lee's Summit West,,44,1:51.48,John Burroughs,,44,1:04.98,Anne Holubowski,Marquette,,44,1:14.81,Elsa Dogotch,Carl Junction,,44,4:08.99,Summit Christian Academy,
45,2:04.21,Lutheran St. Charles,,45,2:06.57,Stella Crilley,Staley,,45,2:22.68,Serena Huang,Parkway Central,,45,26.11,Jaycee Shrewsbury,Nevada,,45,1:03.97,Isabella Clerico,Lafayette (Wildwood),,45,57.39,Isabella Johnson,Lee's Summit,,45,5:42.15,Audrey Qureshi,Villa Duchesne,,45,1:51.62,Villa Duchesne,,45,1:05.04,Sienna Kelley,John Burroughs,,45,1:14.82,Sophia Sutter,Francis Howell Central,,45,4:09.57,Poplar Bluff,
46,2:04.44,St. Michael the Archangel,,46,2:07.07,Ashlyn Hines,Park Hill South,,46,2:22.80,Isabella Leone,Lindbergh,,46,26.12,Claire Petri,St. Joseph's Academy,,46,1:04.31,Shae Mortimer,Liberty,,46,57.40,Kennedy Roberts,Notre Dame de Sion,,46,5:42.88,Roslyn Fiorino,West Plains,,46,1:52.12,Webb City,,46,1:05.12,Andrea Jeliazkova,Ladue Horton Watkins,,46,1:14.84,Paige Garrett,Lutheran St. Charles,,46,4:09.87,Louisiana,
47,2:04.70,Hannibal,,47,2:07.14,Danielle Hume,Marquette,,47,2:22.87,Reece Gould,Savannah,,47,26.12,Polly Fendler,St. Teresa's Academy,,47,1:04.36,Lauren Stein,Marquette,,47,57.40,Ella Chrun,Ursuline Academy,,47,5:43.15,Ava Brown,Republic,,47,1:52.31,Summit Christian Academy,,47,1:05.16,Anja Taylor,Rock Bridge,,47,1:14.88,Kelsey Morrison,Eureka,,47,4:09.94,Lutheran St. Charles,
48,2:04.79,Park Hill,,48,2:07.20,Anna Sundberg,Blue Springs South,,48,2:23.17,Hannah Daughety,Liberty,,48,26.14,Zaylie Pinnell,Republic,,48,1:04.36,Avree Melhus,Liberty North,,48,57.42,Paige Boomer,Father Tolton,,48,5:43.17,Brooke Hoien,Hickman,,48,1:52.41,Pattonville,,48,1:05.32,Adrianna Hudnall,Liberty North,,48,1:15.12,Polly Fendler,St. Teresa's Academy,,48,4:12.07,Webb City,
49,2:04.92,Liberty North,,49,2:07.30,Edith Susanne Doehring,Westminster Christian Academy,,49,2:23.44,Mackenzie Johnson,Platte County,,49,26.17,Stella Crilley,Staley,,49,1:04.44,Madeleine Williams,John Burroughs,,49,57.43,Reese Anderson,Parkway Central,,49,5:43.28,Stella Crilley,Staley,,49,1:52.60,Glendale,,49,1:05.47,Anna Eshleman,Raymore-Peculiar,,49,1:15.20,Adalyn Dolan,Ft. Zumwalt North,,49,4:12.63,Lee's Summit,
50,2:05.92,Poplar Bluff,,50,2:07.31,Kaylie Gerber,Kearney,,50,2:23.51,Missy Mizell,Lebanon,,50,26.17,Tangant Tuggle,Blue Springs South,,50,1:04.62,Izy Chalfant,Kirkwood,,50,57.49,Helen Hedlund,Rock Bridge,,50,5:43.77,Olivia Kimball,Staley,,50,1:52.66,Timberland,,50,1:05.63,Kennedy Ringwald,Central (Cape Girardeau),,50,1:15.26,Sierra Graham,Kirkwood,,50,4:14.80,Blue Springs,
51,2:06.09,Pattonville,,51,2:07.33,Kennedy Roberts,Notre Dame de Sion,,51,2:23.55,Burke Sutton,Notre Dame de Sion,,51,26.20,Roslyn Fiorino,West Plains,,51,1:04.63,Lilah Orlando,Clayton,,51,57.49,Natalie Gronborg,Eureka,,51,5:44.20,Edith Ferguson,Central (Springfield),,51,1:52.95,Lee's Summit West,,51,1:05.73,Victoria Black,Liberty,,51,1:15.26,Isla Sattler,Marquette,,51,4:14.83,Ursuline Academy,
52,2:06.26,West Plains,,52,2:07.49,Molly Moriarty,Visitation Academy,,52,2:23.56,Emelia Rosebaugh,Monett,,52,26.21,Audrey Brown,Westminster Christian Academy,,52,1:04.63,Delaney Mehl,Liberty,,52,57.56,Gabrielle Salmans,Parkway Central,,52,5:44.56,Rebecca Christiansen,Francis Howell,,52,1:53.00,Liberty (Wentzville),,52,1:05.81,Olivia Swanson,Blue Springs South,,52,1:15.32,Jayli Cope,Glendale,,52,4:15.70,Incarnate Word Academy,
53,2:06.43,Notre Dame (Cape Girardeau),,53,2:07.52,Teagan Mitchell,Staley,,53,2:23.59,Adalyn Dolan,Ft. Zumwalt North,,53,26.27,Elizabeth Martin,Grain Valley,,53,1:04.66,Anna Irminger,Capital City,,53,57.62,Aftyn Williamson,Staley,,53,5:44.92,Abigail Conrardy,Visitation Academy,,53,1:53.22,St. Dominic,,53,1:05.99,Ava Maus,Smithville,,53,1:15.38,Audrey Coppinger,St. Teresa's Academy,,53,4:15.82,Parkway North,
54,2:06.69,Father Tolton,,54,2:07.52,Helen Hedlund,Rock Bridge,,54,2:23.59,Helen Hedlund,Rock Bridge,,54,26.28,Lauren Otte,Liberty North,,54,1:04.73,Delaney Bartels,Liberty (Wentzville),,54,57.66,Kylie Montgomery,Webster Groves,,54,5:45.11,Avery Eastman,Lutheran St. Charles,,54,1:53.22,Francis Howell Central,,54,1:06.00,Jane Hill,Villa Duchesne,,54,1:15.45,Elise Replogle,Republic,,54,4:16.43,Carl Junction,
55,2:06.74,Timberland,,55,2:07.55,Edith Ferguson,Central (Springfield),,55,2:23.60,Ella Paul,Rockwood Summit,,55,26.29,Ava Brown,Republic,,55,1:04.90,Marilinda Smale-Murillo,Hickman,,55,57.71,Anja Taylor,Rock Bridge,,55,5:45.23,Jessica Lee,Ursuline Academy,,55,1:53.65,Park Hill,,55,1:06.18,Aftyn Williamson,Staley,,55,1:15.48,Lucy Nofziger,Lee's Summit,,55,4:17.08,Central (Cape Girardeau),
56,2:06.79,Carl Junction,,56,2:07.58,Katelyn Epple,Grain Valley,,56,2:23.61,Joslyn Perry,Park Hill South,,56,26.31,Addison Woody,Lee's Summit West,,56,1:04.92,Ema Stojicevic,Clayton,,56,57.72,Kenadie Johnson,Parkway Central,,56,5:45.46,Avree Melhus,Liberty North,,56,1:53.90,Platte County,,56,1:06.27,Addison Woody,Lee's Summit West,,56,1:15.70,Madelyn James,Francis Howell,,56,4:17.50,Timberland,
57,2:08.09,Lutheran South,,57,2:07.60,Miranda Kiewiet,Francis Howell,,57,2:23.71,Alicia Williams,John Burroughs,,57,26.32,Lyla Ventimiglia,St. Michael the Archangel,,57,1:05.01,Claire Chumley,St. Joseph's Academy,,57,57.73,Zaylie Pinnell,Republic,,57,5:45.71,Mackenzie Johnson,Platte County,,57,1:54.30,Carl Junction,,57,1:06.44,Leisel Schultz,Rock Bridge,,57,1:15.74,Isabelle Meyers,Lindbergh,,57,4:18.57,Glendale,
58,2:08.32,Central (Cape Girardeau),,58,2:07.67,Adalyn Dolan,Ft. Zumwalt North,,58,2:23.82,Kylie Montgomery,Webster Groves,,58,26.35,Natalie Gronborg,Eureka,,58,1:05.02,Roslyn Fiorino,West Plains,,58,57.75,Mary Wolf-Slinkard,Parkway North,,58,5:46.19,Kya Baker,Ft. Zumwalt South,,58,1:55.32,Notre Dame (Cape Girardeau),,58,1:06.45,Riley Muran,Parkway Central,,58,1:15.75,Jordyn Hamrah,St. Joseph's Academy,,58,4:19.09,Lee's Summit West,
59,2:08.72,Parkway North,,59,2:07.72,Grace Shaw,Ozark,,59,2:23.83,Madelyn Mug,Visitation Academy,,59,26.36,Aftyn Williamson,Staley,,59,1:05.18,Morgan Sanborn,Marquette,,59,57.77,Emmi Hoss,Liberty,,59,5:46.47,Adalyn Dolan,Ft. Zumwalt North,,59,1:55.34,Hannibal,,59,1:06.47,Marissa Kelley,John Burroughs,,59,1:15.79,Caitlyn Hoppa,Lafayette (Wildwood),,59,4:19.39,Savannah,
60,2:08.87,St. Dominic,,60,2:07.87,Marissa Kelley,John Burroughs,,60,2:23.85,Natalie Grither,Parkway South,,60,26.36,Anna Irminger,Capital City,,60,1:05.21,Aditi Roy,Lafayette (Wildwood),,60,57.77,Anna Irminger,Capital City,,60,5:47.06,Ella Marcum,Eureka,,60,1:55.45,Central (Cape Girardeau),,60,1:06.57,Elsa Dogotch,Carl Junction,,60,1:15.79,Amelia Holohan,Westminster Christian Academy,,60,4:19.57,Raymore-Peculiar,
61,2:08.91,Blue Springs,,61,2:08.03,Lucia Fox,Parkway West,,61,2:23.92,Ava Brown,Republic,,61,26.40,Madeleine Williams,John Burroughs,,61,1:05.24,Lindsay Wang,Marquette,,61,57.78,Natalie Lorber,Marquette,,61,5:47.44,Lucille Werner,Kirkwood,,61,1:55.47,Holt,,61,1:06.67,Ashley Searls,Liberty,,61,1:15.87,Naisha Salaria,Marquette,,61,4:20.92,Nixa,
62,2:09.16,Ft. Zumwalt South,,62,2:08.04,Ashley Searls,Liberty,,62,2:23.92,Sophia Sutter,Francis Howell Central,,62,26.40,Ensley Fisher,Blue Springs South,,62,1:05.40,Soo Jin Park,Francis Howell,,62,57.78,Cecilia Tremont,Parkway Central,,62,5:47.60,Anja Taylor,Rock Bridge,,62,1:55.52,Incarnate Word Academy,,62,1:06.72,Rebecca Christiansen,Francis Howell,,62,1:15.92,Avery Hogue,Park Hill South,,62,4:21.34,Ft. Zumwalt South,
63,2:09.56,Smithville,,63,2:08.25,Olivia Dillow,Cor Jesu Academy,,63,2:23.96,Edith Susanne Doehring,Westminster Christian Academy,,63,26.41,Danielle Hume,Marquette,,63,1:05.64,Ashlyn Hines,Park Hill South,,63,57.84,Caroline Goeke,Ft. Zumwalt North,,63,5:47.63,Miranda Kiewiet,Francis Howell,,63,1:55.67,Nixa,,63,1:06.75,Stella Crilley,Staley,,63,1:16.10,Victoria Anderson,Francis Howell Central,,63,4:21.58,Notre Dame (Cape Girardeau),
64,2:09.69,St. Pius X (Kansas City),,64,2:08.32,Audrey Brown,Westminster Christian Academy,,64,2:24.00,Anne Holubowski,Marquette,,64,26.42,Madelyn Mug,Visitation Academy,,64,1:05.65,Kate Finucane,Blue Springs South,,64,58.00,Ella Paul,Rockwood Summit,,64,5:48.44,Heidi Hunter,Lindbergh,,64,1:56.15,Blue Springs,,64,1:06.75,Madeleine Williams,John Burroughs,,64,1:16.16,Ashleigh Cruce,Platte County,,64,4:22.69,Bolivar,
65,2:10.98,Summit Christian Academy,,65,2:08.34,Kate Finucane,Blue Springs South,,65,2:24.08,Sienna Kelley,John Burroughs,,65,26.43,Claire Dierker,Park Hill South,,65,1:05.71,Molly Moriarty,Visitation Academy,,65,58.03,Madison Seabaugh,Visitation Academy,,65,5:48.54,Hannah Daughety,Liberty,,65,1:56.34,Smithville,,65,1:06.83,Brooke Schoonover,Washington,,65,1:16.18,Grace Cottle,Lee's Summit West,,65,4:26.54,Monett,
66,2:11.00,Raymore-Peculiar,,66,2:08.40,Audrey Tuschhoff,Jackson,,66,2:24.18,Lauren Stein,Marquette,,66,26.43,Elsa Dogotch,Carl Junction,,66,1:05.89,Prairey Maxwell,Kirkwood,,66,58.09,Luci Cordes-Palmer,Lafayette (Wildwood),,66,5:48.70,Maya West,Ft. Zumwalt East,,66,1:56.99,Raymore-Peculiar,,66,1:06.90,Claire Dierker,Park Hill South,,66,1:16.21,Reese Stanley,Lee's Summit,,66,4:29.97,Logan-Rogersville,
67,2:11.65,Incarnate Word Academy,,67,2:08.42,Avery Eastman,Lutheran St. Charles,,67,2:24.23,Emmi Hoss,Liberty,,67,26.47,Grace Hagar,Marquette,,67,1:05.90,Penelope Autry,West Plains,,67,58.13,Stella Crilley,Staley,,67,5:48.96,Madison Seabaugh,Visitation Academy,,67,1:57.01,Mehlville,,67,1:07.04,Madison Arroyo,Father Tolton,,67,1:16.23,Molly Rodriguez,Savannah,,67,4:30.52,Ozark,
68,2:12.48,Oak Park,,68,2:08.53,Madelyn Tucker,Parkway Central,,68,2:24.29,Kelsey Morrison,Eureka,,68,26.49,Amelia Ostendorf,Notre Dame de Sion,,68,1:05.92,Margo Heckadon,Lee's Summit West,,68,58.13,Meghan Glaser,Kirkwood,,68,5:49.17,Ryan Weber,Rockwood Summit,,68,1:58.01,Ft. Zumwalt South,,68,1:07.10,Kaylie Gerber,Kearney,,68,1:16.25,Marilinda Smale-Murillo,Hickman,,68,4:31.24,Kickapoo,
69,2:12.68,Holt,,69,2:08.75,Morgan Parkerson,Incarnate Word Academy,,69,2:24.42,Kaylie Gerber,Kearney,,69,26.50,Grace Branstetter,Louisiana,,69,1:05.94,Rebecca Christiansen,Francis Howell,,69,58.16,Olivia Swanson,Blue Springs South,,69,5:49.86,Isabella Lamb,Parkway West,,69,1:58.03,Bolivar,,69,1:07.14,Audrie Hanway,Lee's Summit,,69,1:16.27,Ronnie Benford,Platte County,,69,4:31.98,Hannibal,
70,2:12.79,Nixa,,70,2:08.76,Evyn Lashley,Eureka,,70,2:24.67,Olyvia Beach,Greenwood,,70,26.54,Mallory Crane,Park Hill South,,70,1:06.06,Neala McHugh,Park Hill South,,70,58.19,Neala McHugh,Park Hill South,,70,5:51.17,Reagan Poggio,Lafayette (Wildwood),,70,1:58.57,Lutheran South,,70,1:07.15,Ella Chrun,Ursuline Academy,,70,1:16.39,Phoebe Alcott,Cor Jesu Academy,,70,4:32.19,Central (Springfield),
71,2:12.85,Washington,,71,2:08.77,Gwendolyn Fiorino,West Plains,,71,2:24.75,Ashlyn Hines,Park Hill South,,71,26.56,Miranda Kiewiet,Francis Howell,,71,1:06.11,Claire Dierker,Park Hill South,,71,58.21,Madeleine Williams,John Burroughs,,71,5:51.23,Bella Greene,Notre Dame (Cape Girardeau),,71,1:58.83,Warrensburg,,71,1:07.33,Noemi Crall,MICDS,,71,1:16.49,Ellie Cater,Grain Valley,,,,,
72,2:13.14,Mehlville,,72,2:08.84,Brooke Hoien,Hickman,,72,2:24.75,Ann Erwin,Webster Groves,,72,26.57,Kennedy Chrun,Ursuline Academy,,72,1:06.14,Elaina Wells,Staley,,72,58.22,Lily Martin,Pembroke Hill,,72,5:51.56,Olivia Dillow,Cor Jesu Academy,,72,1:59.21,St. Pius X (Kansas City),,72,1:07.34,Meghan Piper,Savannah,,72,1:16.52,Sophia Stoops,Father Tolton,,,,,
73,2:13.43,Parkway West,,73,2:08.86,Vanessa VanHoesen,Blue Springs,,73,2:24.98,Kennedy Ringwald,Central (Cape Girardeau),,73,26.62,Anja Taylor,Rock Bridge,,73,1:06.21,Brynn Wilkens,Park Hill,,73,58.26,Lauren Dooley,Marquette,,73,5:51.64,Soo Jin Park,Francis Howell,,73,1:59.38,Hickman,,73,1:07.37,Molly Moriarty,Visitation Academy,,73,1:16.60,Riley Oesch,Jefferson City,,,,,
74,2:14.37,Kickapoo,,74,2:08.91,Soo Jin Park,Francis Howell,,74,2:25.35,Sophia Warnick,Webster Groves,,74,26.63,Kathryn Faulkner,Francis Howell,,74,1:06.32,Kya Baker,Ft. Zumwalt South,,74,58.27,Kennedy Ringwald,Central (Cape Girardeau),,74,5:51.90,Eliza Jones,Liberty North,,74,1:59.67,Kickapoo,,74,1:07.47,Avery Anthony,Marquette,,74,1:16.60,Elliette Chambers,Smithville,,,,,
75,2:14.45,Webb City,,75,2:09.36,Shae Mortimer,Liberty,,75,2:25.45,Olivia Johnson,Hannibal,,75,26.65,Eva Barnfield,Jackson,,75,1:06.35,Audrey Sekelsky,Blue Springs South,,75,58.32,Edith Ferguson,Central (Springfield),,75,5:52.37,Vanessa VanHoesen,Blue Springs,,75,1:59.83,Oak Park,,75,1:07.50,Alexis Stone,STEAM Academy,,75,1:16.66,Penelope Autry,West Plains,,,,,
76,2:15.09,Oakville,,76,2:09.37,Natalie Lorber,Marquette,,76,2:25.50,Soo Jin Park,Francis Howell,,76,26.65,Ann Erwin,Webster Groves,,76,1:06.35,Lauren Otte,Liberty North,,76,58.35,Amelia Coy,Hickman,,76,5:53.08,Olivia Hanes,Ladue Horton Watkins,,76,2:00.32,Logan-Rogersville,,76,1:07.74,Camille Matlock,Clayton,,76,1:16.78,Audrey Qureshi,Villa Duchesne,,,,,
77,2:15.60,Central (Springfield),,77,2:09.42,Adelyn Volpi,Liberty,,77,2:25.53,Olivia Manning,Carthage,,77,26.67,Josephine Schloegel,St. Teresa's Academy,,77,1:06.37,Alexandra Moran,Liberty North,,77,58.58,Kayla Wahl,Cor Jesu Academy,,77,5:53.48,Ashlyn Hines,Park Hill South,,77,2:00.56,Central (Springfield),,77,1:07.88,Alicia Williams,John Burroughs,,77,1:16.81,Amelia Drafall,Cor Jesu Academy,,,,,
78,2:15.98,Bolivar,,78,2:09.56,Olive Agustin,Clayton,,78,2:25.64,Roslyn Fiorino,West Plains,,78,26.68,Isabella Clerico,Lafayette (Wildwood),,78,1:06.46,Isabella Johnson,Lee's Summit,,78,58.63,Brooke Nichols,Park Hill South,,78,5:53.48,Alicia Williams,John Burroughs,,78,2:00.83,Washington,,78,1:07.92,Elizabeth Mohan,Lafayette (Wildwood),,78,1:16.81,Victoria Knolhoff,Parkway Central,,,,,
79,2:16.01,STEAM Academy,,79,2:09.71,Brooke Hess,Hannibal,,79,2:25.71,Neala McHugh,Park Hill South,,79,26.71,Julia Pajewski,Rockwood Summit,,79,1:06.50,Elizabeth Martin,Grain Valley,,79,58.70,Kathryn Faulkner,Francis Howell,,79,5:53.52,Victoria Black,Liberty,,79,2:01.00,Jefferson City,,79,1:07.94,Aubrey Twyman,Grain Valley,,79,1:16.97,Ava Ventimiglia,St. Michael the Archangel,,,,,
80,2:16.77,Nevada,,80,2:09.83,Lauren McCall,Westminster Christian Academy,,80,2:25.94,Elizabeth Mohan,Lafayette (Wildwood),,80,26.71,India Browning,Notre Dame de Sion,,80,1:06.58,Clara Wilson,Park Hill South,,80,58.74,Breanna Wilkinson,Rockwood Summit,,80,5:53.75,Kylie Montgomery,Webster Groves,,80,2:01.35,Nevada,,80,1:07.96,Elizabeth Martin,Grain Valley,,80,1:17.02,Luci Cordes-Palmer,Lafayette (Wildwood),,,,,
81,2:17.03,Belton,,81,2:09.86,Lilah Orlando,Clayton,,81,2:26.03,Isabell Coffey,Monett,,81,26.72,Anna Eshleman,Raymore-Peculiar,,81,1:06.62,Elise Replogle,Republic,,81,58.76,Karly Keske,Westminster Christian Academy,,81,5:54.08,Olivia Seiler,Kickapoo,,81,2:01.50,New Covenant Academy,,81,1:07.98,Eliza Jones,Liberty North,,81,1:17.03,Caroline Forhetz,Glendale,,,,,
82,2:17.18,Warrensburg,,82,2:10.16,Olivia Swanson,Blue Springs South,,82,2:26.06,Claire Petri,St. Joseph's Academy,,82,26.77,Elizabeth Mohan,Lafayette (Wildwood),,82,1:06.71,Polly Fendler,St. Teresa's Academy,,82,58.92,Delaney Johnson,St. Joseph's Academy,,82,5:54.12,Ellie Bernert,Marquette,,82,2:01.76,Ozark,,82,1:08.04,Paige Blom,Marquette,,82,1:17.14,Andrea Alvarado Romero,Blue Springs,,,,,
83,2:18.09,Principia,,83,2:10.27,Aditi Roy,Lafayette (Wildwood),,83,2:26.30,Chloe Belen,Westminster Christian Academy,,83,26.79,Mia Rose,Visitation Academy,,83,1:06.77,Lucy Nofziger,Lee's Summit,,83,58.93,Aditi Roy,Lafayette (Wildwood),,83,5:54.24,Aspen Ritchie,Webb City,,83,2:02.13,Belton,,83,1:08.05,Elsie Walker,Notre Dame de Sion,,83,1:17.14,Evelyn Martin,Lebanon,,,,,
,,,,84,2:10.45,Madeleine Williams,John Burroughs,,84,2:26.34,Delaney Mehl,Liberty,,84,26.79,Victoria Knolhoff,Parkway Central,,84,1:06.77,Chloe Belen,Westminster Christian Academy,,84,58.94,Gwendolyn Fiorino,West Plains,,84,5:54.32,Lily Wheeler,Park Hill South,,84,2:02.87,STEAM Academy,,84,1:08.05,Elise Poulter,St. Dominic,,84,1:17.16,Marlo Deaver,Liberty,,,,,
,,,,85,2:10.50,Remi Woolard,Platte County,,85,2:26.47,Kya Baker,Ft. Zumwalt South,,85,26.80,Elaina Wells,Staley,,85,1:06.79,Grace Branstetter,Louisiana,,85,58.95,Delaney Mehl,Liberty,,85,5:54.34,Caroline Jones,Cor Jesu Academy,,85,2:03.30,St. Charles West,,85,1:08.08,Isabella Clerico,Lafayette (Wildwood),,85,1:17.26,Shaye Seck,Parkway Central,,,,,
,,,,86,2:10.51,Madison Elmore,St. Joseph's Academy,,86,2:26.53,Evelyn Martin,Lebanon,,86,26.81,Abigail Conrardy,Visitation Academy,,86,1:06.80,Olivia Johnson,Hannibal,,86,58.98,Kaiya Cooper,Liberty,,86,5:54.58,Berkli Dias,Clayton,,86,2:04.07,Capital City,,86,1:08.13,Neala McHugh,Park Hill South,,86,1:17.30,Lily Wheeler,Park Hill South,,,,,
,,,,87,2:10.54,Reagan Poggio,Lafayette (Wildwood),,87,2:26.70,Paige Boomer,Father Tolton,,87,26.81,Kelly Frank,Notre Dame de Sion,,87,1:06.83,Charlotte Leary,Villa Duchesne,,87,59.00,Ensley Fisher,Blue Springs South,,87,5:54.72,Grace Shaw,Ozark,,87,2:04.37,Oakville,,87,1:08.22,Emily Holzwarth,Grain Valley,,87,1:17.35,Anna Eshleman,Raymore-Peculiar,,,,,
,,,,88,2:10.56,Mallory Crane,Park Hill South,,88,2:26.72,Olivia Kimball,Staley,,88,26.82,Isabella Leone,Lindbergh,,88,1:06.90,Morgan Parkerson,Incarnate Word Academy,,88,59.01,Anna Sundberg,Blue Springs South,,88,5:54.83,Penelope Autry,West Plains,,,,,,88,1:08.26,Emelia Rosebaugh,Monett,,88,1:17.49,Lydia Van Horn,Kirkwood,,,,,
,,,,89,2:10.78,Sophia Warnick,Webster Groves,,89,2:26.74,Teagan Mitchell,Staley,,89,26.82,Jillian Markley,Summit Christian Academy,,89,1:06.91,Delaney Johnson,St. Joseph's Academy,,89,59.04,Katherine Scott,Poplar Bluff,,89,5:56.18,Adelyn Volpi,Liberty,,,,,,,,,,,89,1:17.61,Addison Woody,Lee's Summit West,,,,,
,,,,90,2:10.86,Heidi Hunter,Lindbergh,,90,2:26.76,Erin Jones,St. Joseph's Academy,,90,26.83,Samantha Cohen,Clayton,,90,1:06.94,Lucia Fox,Parkway West,,90,59.05,Adelyn Volpi,Liberty,,90,5:56.23,Hailey Cooper,Oak Park,,,,,,,,,,,90,1:17.63,Missy Mizell,Lebanon,,,,,
,,,,91,2:10.87,Karly Keske,Westminster Christian Academy,,91,2:26.79,Lily Martin,Pembroke Hill,,91,26.83,Alexia Kidin,Marquette,,91,1:07.01,Paige Garrett,Lutheran St. Charles,,91,59.08,Lyla Ventimiglia,St. Michael the Archangel,,91,5:56.26,Anna Eshleman,Raymore-Peculiar,,,,,,,,,,,91,1:17.75,Elizabeth Fowler,Kearney,,,,,
,,,,92,2:10.97,Eva Barnfield,Jackson,,92,2:26.97,Elise Replogle,Republic,,92,26.83,Ava Ventimiglia,St. Michael the Archangel,,92,1:07.08,Madison Tipton,Jackson,,92,59.21,Elizabeth Mohan,Lafayette (Wildwood),,92,5:56.50,Ava Knepper,Park Hill,,,,,,,,,,,92,1:17.81,Isabel Kosiara,Rock Bridge,,,,,
,,,,93,2:11.15,Lauren Dooley,Marquette,,93,2:27.07,Claire Dierker,Park Hill South,,93,26.85,Paige Boomer,Father Tolton,,93,1:07.17,Mackenzie Johnson,Platte County,,93,59.24,Amelia Ostendorf,Notre Dame de Sion,,93,5:56.75,Sienna Kelley,John Burroughs,,,,,,,,,,,93,1:17.86,Maggie Dawson,Staley,,,,,
,,,,94,2:11.15,Nylah Miller,Westminster Christian Academy,,94,2:27.13,Brooke Nichols,Park Hill South,,94,26.90,Rori Day,Grandview,,94,1:07.22,Anna Eshleman,Raymore-Peculiar,,94,59.25,Payton Robic,St. Joseph's Academy,,94,5:56.82,Nylah Miller,Westminster Christian Academy,,,,,,,,,,,94,1:17.87,Chloe Ingle,Liberty North,,,,,
,,,,95,2:11.16,Elisa DeCaro,Park Hill South,,95,2:27.60,Storie Talbert,Louisiana,,95,26.94,Kyra Shorb,Rockwood Summit,,95,1:07.24,Evelyn Martin,Lebanon,,95,59.25,Grace Hagar,Marquette,,95,5:56.91,Abigail Mangan,Marquette,,,,,,,,,,,95,1:17.96,Bella Anadkat,MICDS,,,,,
,,,,96,2:11.17,Avery Anthony,Marquette,,96,2:27.74,Anna Eshleman,Raymore-Peculiar,,96,26.95,Riley Dungey,Blue Springs South,,96,1:07.36,Vivian McCaffrey,Ladue Horton Watkins,,96,59.26,Elizabeth Martin,Grain Valley,,96,5:57.10,Lauren Otte,Liberty North,,,,,,,,,,,96,1:18.02,Paige Blom,Marquette,,,,,
,,,,97,2:11.38,Avree Melhus,Liberty North,,97,2:27.75,Anna Sundberg,Blue Springs South,,97,26.97,Andrea Jeliazkova,Ladue Horton Watkins,,97,1:07.63,Burke Sutton,Notre Dame de Sion,,97,59.34,Sienna Kelley,John Burroughs,,97,5:57.15,Olive Agustin,Clayton,,,,,,,,,,,97,1:18.09,Abigail Jones,Eureka,,,,,
,,,,98,2:11.51,Isabella Lamb,Parkway West,,98,2:27.75,Olivia Swanson,Blue Springs South,,98,26.98,Kayla Ilardi,Pembroke Hill,,98,1:07.66,Brooke Nichols,Park Hill South,,98,59.37,Lilah Orlando,Clayton,,98,5:57.30,Elisa DeCaro,Park Hill South,,,,,,,,,,,98,1:18.10,Emma Nicotra,Holt,,,,,
,,,,99,2:11.77,Victoria Black,Liberty,,99,2:27.77,Kennedy Roberts,Notre Dame de Sion,,99,26.99,Lauren Dooley,Marquette,,99,1:07.69,Olivia Kimball,Staley,,99,59.46,Marissa Kelley,John Burroughs,,99,5:58.54,Audrianna VanKirk,Parkway West,,,,,,,,,,,99,1:18.11,Elaina Wells,Staley,,,,,
,,,,100,2:11.83,Charlotte Dahlby,Westminster Christian Academy,,100,2:27.82,Jessica Wang,Lindbergh,,100,26.99,Leela Anadkat,MICDS,,100,1:07.69,Brianna Petrova,Liberty (Wentzville),,100,59.47,Sadie Lee,Truman,,100,5:58.61,Millie Lawing,Ft. Zumwalt North,,,,,,,,,,,100,1:18.16,Amelia Martin,St. Dominic,,,,,
,,,,101,2:12.23,Lily Wheeler,Park Hill South,,101,2:28.12,Phoebe Alcott,Cor Jesu Academy,,101,27.01,Alexandra Moran,Liberty North,,101,1:07.85,Jayli Cope,Glendale,,101,59.51,Eleanor Woosley,Bolivar,,101,5:58.87,Missy Mizell,Lebanon,,,,,,,,,,,101,1:18.19,Kennedy Roberts,Notre Dame de Sion,,,,,
,,,,102,2:12.29,Neala McHugh,Park Hill South,,102,2:28.15,Bella Anadkat,MICDS,,102,27.04,Emelia Rosebaugh,Monett,,102,1:08.08,Lyla Ventimiglia,St. Michael the Archangel,,102,59.53,Mia Rose,Visitation Academy,,102,5:58.99,Jia Hurst,Park Hill South,,,,,,,,,,,102,1:18.30,Lucy Hemphill,Liberty North,,,,,
,,,,103,2:12.32,Lillian Hagan,Ft. Zumwalt North,,103,2:28.19,Jordyn Hamrah,St. Joseph's Academy,,103,27.04,Katherine Scott,Poplar Bluff,,103,1:08.09,Olive Agustin,Clayton,,103,59.54,Elise Poulter,St. Dominic,,103,5:59.52,Olivia Swanson,Blue Springs South,,,,,,,,,,,103,1:18.34,Sienna Kelley,John Burroughs,,,,,
,,,,104,2:12.37,Olivia Kimball,Staley,,104,2:28.36,Breanna Wilkinson,Rockwood Summit,,104,27.05,Aditi Roy,Lafayette (Wildwood),,,,,,,104,59.55,Mackenzie Johnson,Platte County,,104,5:59.98,Olivia Earnest,Monett,,,,,,,,,,,104,1:18.39,Jaycee Shrewsbury,Nevada,,,,,
,,,,105,2:12.45,Lauren Thebeau,Lafayette (Wildwood),,105,2:28.49,Aspen Ritchie,Webb City,,105,27.05,Olivia Johnson,Hannibal,,,,,,,105,59.57,Avery Eastman,Lutheran St. Charles,,105,6:00.15,Anna Cribbs,St. Teresa's Academy,,,,,,,,,,,,,,,,,,,
,,,,106,2:12.53,Olivia Seiler,Kickapoo,,106,2:28.52,Grace Shaw,Ozark,,106,27.05,Maitland Michaelson,MICDS,,,,,,,106,59.59,Hannah Daughety,Liberty,,,,,,,,,,,,,,,,,,,,,,,,
,,,,107,2:12.57,Jessica Lee,Ursuline Academy,,107,2:28.56,Kalli Beard,Grain Valley,,107,27.09,Claire Chumley,St. Joseph's Academy,,,,,,,107,59.60,Madelyn Mug,Visitation Academy,,,,,,,,,,,,,,,,,,,,,,,,
,,,,108,2:12.58,Margo Heckadon,Lee's Summit West,,108,2:28.61,Ashley Searls,Liberty,,108,27.14,Kathryn Carr,Lafayette (Wildwood),,,,,,,108,59.63,Tangant Tuggle,Blue Springs South,,,,,,,,,,,,,,,,,,,,,,,,
,,,,109,2:12.59,Kya Baker,Ft. Zumwalt South,,109,2:28.61,Shae Mortimer,Liberty,,109,27.16,Lindsay Wang,Marquette,,,,,,,109,59.64,Kayla Ilardi,Pembroke Hill,,,,,,,,,,,,,,,,,,,,,,,,
,,,,110,2:12.65,Norah Klosterman,Webb City,,110,2:28.84,Eva Barnfield,Jackson,,110,27.18,Avree Melhus,Liberty North,,,,,,,110,59.68,Chloe Ingle,Liberty North,,,,,,,,,,,,,,,,,,,,,,,,
,,,,111,2:12.70,Ellie Bernert,Marquette,,111,2:29.01,Isabel Kosiara,Rock Bridge,,111,27.18,Caitlyn Chandonnet,Liberty (Wentzville),,,,,,,111,59.69,Tula Richard,Lincoln College Prep,,,,,,,,,,,,,,,,,,,,,,,,
,,,,112,2:12.73,Vivian McCaffrey,Ladue Horton Watkins,,112,2:29.02,Ava Ventimiglia,St. Michael the Archangel,,112,27.19,Kassidy Surber,Ft. Zumwalt North,,,,,,,112,59.77,Teagan Mitchell,Staley,,,,,,,,,,,,,,,,,,,,,,,,
,,,,113,2:12.77,Jaina Daniels,Liberty (Wentzville),,113,2:29.05,Olivia Hanes,Ladue Horton Watkins,,113,27.20,Kylie Montgomery,Webster Groves,,,,,,,113,59.84,Sarah Gross,Lutheran St. Charles,,,,,,,,,,,,,,,,,,,,,,,,
,,,,114,2:12.86,Penelope Autry,West Plains,,114,2:29.16,Bella Greene,Notre Dame (Cape Girardeau),,114,27.21,Elaine Klug,Westminster Christian Academy,,,,,,,114,59.90,Maddie Riley,St. Joseph's Academy,,,,,,,,,,,,,,,,,,,,,,,,
,,,,115,2:12.88,Ellie Vaughan,Blue Springs South,,115,2:29.17,Marlowe Weis,Rock Bridge,,115,27.23,Evelyn Martin,Lebanon,,,,,,,115,59.91,Julia Pajewski,Rockwood Summit,,,,,,,,,,,,,,,,,,,,,,,,
,,,,116,2:12.96,Sienna Kelley,John Burroughs,,116,2:29.20,Elsa Dogotch,Carl Junction,,116,27.24,Olive Agustin,Clayton,,,,,,,116,59.95,Lillian Hagan,Ft. Zumwalt North,,,,,,,,,,,,,,,,,,,,,,,,
,,,,117,2:12.98,Ema Stojicevic,Clayton,,117,2:29.23,Ella Marcum,Eureka,,117,27.24,Mia Viorel,Hannibal,,,,,,,117,59.95,Audrie Hanway,Lee's Summit,,,,,,,,,,,,,,,,,,,,,,,,
,,,,118,2:13.12,Leisel Schultz,Rock Bridge,,118,2:29.39,Isla Sattler,Marquette,,118,27.29,Paige Garrett,Lutheran St. Charles,,,,,,,118,1:00.00,Katherine Campbell,St. Teresa's Academy,,,,,,,,,,,,,,,,,,,,,,,,
,,,,119,2:13.18,Annalice Renegar,Republic,,119,2:29.52,Audrey Brown,Westminster Christian Academy,,119,27.29,Claire Luna,Lafayette (Wildwood),,,,,,,119,1:00.01,Leela Anadkat,MICDS,,,,,,,,,,,,,,,,,,,,,,,,
,,,,120,2:13.19,Storie Talbert,Louisiana,,120,2:29.84,Caroline Forhetz,Glendale,,,,,,,,,,,,120,1:00.02,Remi Woolard,Platte County,,,,,,,,,,,,,,,,,,,,,,,,
,,,,121,2:13.26,Mackenzie Johnson,Platte County,,121,2:30.02,Maggie Dawson,Staley,,,,,,,,,,,,121,1:00.03,Kaitlyn Werner,Park Hill,,,,,,,,,,,,,,,,,,,,,,,,
,,,,122,2:13.28,Caroline Jones,Cor Jesu Academy,,122,2:30.08,Leela Anadkat,MICDS,,,,,,,,,,,,122,1:00.04,Lynn Cotrell,Poplar Bluff,,,,,,,,,,,,,,,,,,,,,,,,
,,,,123,2:13.31,CeCe Shah,Villa Duchesne,,,,,,,,,,,,,,,,,123,1:00.04,Kelly Frank,Notre Dame de Sion,,,,,,,,,,,,,,,,,,,,,,,,
,,,,124,2:13.38,Berkli Dias,Clayton,,,,,,,,,,,,,,,,,124,1:00.08,Kelsey Morrison,Eureka,,,,,,,,,,,,,,,,,,,,,,,,
,,,,125,2:13.59,Claire Porter,Blue Springs South,,,,,,,,,,,,,,,,,125,1:00.09,Kate Finucane,Blue Springs South,,,,,,,,,,,,,,,,,,,,,,,,
,,,,126,2:13.63,Anna Cribbs,St. Teresa's Academy,,,,,,,,,,,,,,,,,126,1:00.09,Elise Hunt,Blue Springs South,,,,,,,,,,,,,,,,,,,,,,,,
,,,,127,2:13.72,Aspen Ritchie,Webb City,,,,,,,,,,,,,,,,,127,1:00.11,Claire Porter,Blue Springs South,,,,,,,,,,,,,,,,,,,,,,,,
,,,,128,2:13.75,Maya West,Ft. Zumwalt East,,,,,,,,,,,,,,,,,128,1:00.14,Alexis Stone,STEAM Academy,,,,,,,,,,,,,,,,,,,,,,,,
,,,,129,2:13.77,Gia Dechir,Staley,,,,,,,,,,,,,,,,,129,1:00.16,Kathryn Carr,Lafayette (Wildwood),,,,,,,,,,,,,,,,,,,,,,,,
,,,,130,2:13.83,Isabell Coffey,Monett,,,,,,,,,,,,,,,,,130,1:00.23,Lucia Fox,Parkway West,,,,,,,,,,,,,,,,,,,,,,,,
,,,,131,2:13.84,Caroline Goeke,Ft. Zumwalt North,,,,,,,,,,,,,,,,,131,1:00.24,Abagail Orantes,Lindbergh,,,,,,,,,,,,,,,,,,,,,,,,
,,,,132,2:13.87,Kaitlyn Werner,Park Hill,,,,,,,,,,,,,,,,,132,1:00.27,Alicia Williams,John Burroughs,,,,,,,,,,,,,,,,,,,,,,,,
,,,,133,2:13.90,Elizabeth Martin,Grain Valley,,,,,,,,,,,,,,,,,133,1:00.32,Jessica Lee,Ursuline Academy,,,,,,,,,,,,,,,,,,,,,,,,
,,,,,,,,,,,,,,,,,,,,,,,,134,1:00.37,Evyn Lashley,Eureka,,,,,,,,,,,,,,,,,,,,,,,,
,,,,,,,,,,,,,,,,,,,,,,,,135,1:00.37,Josephine Schloegel,St. Teresa's Academy,,,,,,,,,,,,,,,,,,,,,,,,
,,,,,,,,,,,,,,,,,,,,,,,,136,1:00.38,Grace Cottle,Lee's Summit West,,,,,,,,,,,,,,,,,,,,,,,,
,,,,,,,,,,,,,,,,,,,,,,,,137,1:00.38,Emma Nicotra,Holt,,,,,,,,,,,,,,,,,,,,,,,,
,,,,,,,,,,,,,,,,,,,,,,,,138,1:00.39,Gianna Pearson,Parkway Central,,,,,,,,,,,,,,,,,,,,,,,,
,,,,,,,,,,,,,,,,,,,,,,,,139,1:00.45,Brynn Wilkens,Park Hill,,,,,,,,,,,,,,,,,,,,,,,,
,,,,,,,,,,,,,,,,,,,,,,,,140,1:00.48,Penelope Autry,West Plains,,,,,,,,,,,,,,,,,,,,,,,,